{"resourceType":"StructureMap","id":"Death","text":{"status":"generated","div":"<div xmlns=\"http://www.w3.org/1999/xhtml\"><pre class=\"fml\">\r\n<b>map</b><span style=\"color: navy\"> &quot;</span>https://health-data-hub.fr/ig/fhir/eds/StructureMap/Death<span style=\"color: navy\">&quot; = &quot;</span>Death<span style=\"color: navy\">&quot;\r\n\r\n</span><span style=\"color: navy\">// </span><span style=\"color: green\">Mapping Patient resource to Death OMOP Domain</span>\r\n\r\n<b>uses</b><span style=\"color: navy\"> &quot;</span><a href=\"StructureDefinition-Patient.html\" title=\"HDH EDS Patient\">https://health-data-hub.fr/ig/fhir/eds/StructureDefinition/Patient</a><span style=\"color: navy\">&quot; </span><b>alias </b>Patient <b>as </b><b>source</b>\r\n<b>uses</b><span style=\"color: navy\"> &quot;</span><a href=\"StructureDefinition-Death.html\" title=\"Death OMOP Table\">https://health-data-hub.fr/ig/fhir/eds/StructureDefinition/Death</a><span style=\"color: navy\">&quot; </span><b>alias </b>DeathTable <b>as </b><b>target</b>\r\n\r\n<b>group </b>Death<span style=\"color: navy\">(</span><b>source</b> <span style=\"color: maroon\">src</span><span style=\"color: navy\"> : </span>Patient, <b>target</b> <span style=\"color: maroon\">tgt</span><span style=\"color: navy\"> : </span>DeathTable<span style=\"color: navy\">)</span><span style=\"color: navy\"> {\r\n</span>  src.deceased<b> as </b><span style=\"color: maroon\">srcDeceased</span><b> where </b>deceased.ofType(Datetime)<span style=\"color: navy\"><b> -&gt; </b></span>tgt.death_datetime = <span style=\"color: maroon\">srcDeceased</span><span style=\"color: navy\">;</span>\r\n<span style=\"color: navy\">}\r\n\r\n</span></pre></div>"},"url":"https://health-data-hub.fr/ig/fhir/eds/StructureMap/Death","version":"0.1.0","name":"Death","title":"Mapping Patient resource to Death OMOP Domain","status":"draft","date":"2024-04-12T15:16:50+00:00","publisher":"HDH","contact":[{"name":"HDH","telecom":[{"system":"url","value":"https://health-data-hub.fr"}]}],"description":"Mapping Patient resource to Death OMOP Domain","jurisdiction":[{"coding":[{"system":"urn:iso:std:iso:3166","code":"FRA","display":"France"}]}],"structure":[{"url":"https://health-data-hub.fr/ig/fhir/eds/StructureDefinition/Patient","mode":"source","alias":"Patient"},{"url":"https://health-data-hub.fr/ig/fhir/eds/StructureDefinition/Death","mode":"target","alias":"DeathTable"}],"group":[{"name":"Death","typeMode":"none","input":[{"name":"src","type":"Patient","mode":"source"},{"name":"tgt","type":"DeathTable","mode":"target"}],"rule":[{"name":"deceased","source":[{"context":"src","element":"deceased","variable":"srcDeceased","condition":"deceased.ofType(Datetime)"}],"target":[{"context":"tgt","contextType":"variable","element":"death_datetime","transform":"copy","parameter":[{"valueId":"srcDeceased"}]}]}]}]}