{
  "codeSystems" : [
    {
      "url" : "http://hl7.org/fhir/administrative-gender",
      "version" : "4.0.1",
      "status" : "active",
      "name" : "AdministrativeGender",
      "title" : "AdministrativeGender",
      "description" : "The gender of a person used for administrative purposes.",
      "oids" : ["2.16.840.1.113883.4.642.4.2"],
      "uses" : {
      },
      "https://hl7.fr/ig/fhir/core/2.0.0/ValueSet-fr-core-vs-patient-gender-INS.html" : "FR Core ValueSet Patient gender INS ValueSet"
    }
  ]
}
