<?xml version="1.0" encoding="UTF-8"?>

<ConceptMap xmlns="http://hl7.org/fhir">
  <id value="Gender"/>
  <text>
    <status value="extensions"/><div xmlns="http://www.w3.org/1999/xhtml"><p>Mapping from (not specified) to (not specified)</p><p>ACTIVE. Published on 2024-04-12 15:27:50+0000 by HDH (HDH: <a href="https://health-data-hub.fr">https://health-data-hub.fr</a>). </p><br/><p><b>Group 1</b> Mapping from <a href="https://hl7.fr/ig/fhir/core/2.0.0/ValueSet-fr-core-vs-patient-gender-INS.html">FR Core ValueSet Patient gender INS ValueSet</a> to <code>https://fhir-terminology.ohdsi.org</code></p><table class="grid"><tr><td><b>Source Code</b></td><td><b>Relationship</b></td><td><b>Target Code</b></td></tr><tr><td>male</td><td><a href="http://hl7.org/fhir/R4/codesystem-concept-map-equivalence.html#equivalent" title="equivalent">is equivalent to</a></td><td>M (MALE)</td></tr><tr><td>female</td><td><a href="http://hl7.org/fhir/R4/codesystem-concept-map-equivalence.html#equivalent" title="equivalent">is equivalent to</a></td><td>F (FEMALE)</td></tr></table></div>
  </text>
  <url value="https://health-data-hub.fr/ig/fhir/eds/ConceptMap/Gender"/>
  <version value="0.1.0"/>
  <status value="active"/>
  <date value="2024-04-12T15:27:50+00:00"/>
  <publisher value="HDH"/>
  <contact>
    <name value="HDH"/>
    <telecom>
      <system value="url"/>
      <value value="https://health-data-hub.fr"/>
    </telecom>
  </contact>
  <jurisdiction>
    <coding>
      <system value="urn:iso:std:iso:3166"/>
      <code value="FRA"/>
      <display value="France"/>
    </coding>
  </jurisdiction>
  <group>
    <source value="https://hl7.fr/ig/fhir/core/ValueSet/fr-core-vs-patient-gender-INS"/>
    <target value="https://fhir-terminology.ohdsi.org"/>
    <element>
      <code value="male"/>
      <display value="Male"/>
      <target>
        <modifierExtension url="http://hl7.org/fhir/1.0/StructureDefinition/extension-ConceptMap.element.target.equivalence">
          <valueCode value="equivalent"/>
        </modifierExtension>
        <code value="M"/>
        <display value="MALE"/>
        <equivalence value="equivalent"/>
      </target>
    </element>
    <element>
      <code value="female"/>
      <display value="Female"/>
      <target>
        <modifierExtension url="http://hl7.org/fhir/1.0/StructureDefinition/extension-ConceptMap.element.target.equivalence">
          <valueCode value="equivalent"/>
        </modifierExtension>
        <code value="F"/>
        <display value="FEMALE"/>
        <equivalence value="equivalent"/>
      </target>
    </element>
  </group>
</ConceptMap>