"Id","Path","Slice Name","Alias(s)","Label","Min","Max","Must Support?","Is Modifier?","Is Summary?","Type(s)","Short","Definition","Comments","Requirements","Default Value","Meaning When Missing","Fixed Value","Pattern","Example","Minimum Value","Maximum Value","Maximum Length","Binding Strength","Binding Description","Binding Value Set","Code","Slicing Discriminator","Slicing Description","Slicing Ordered","Slicing Rules","Base Path","Base Min","Base Max","Condition(s)","Constraint(s)"
"EpisodeEvent","EpisodeEvent","","","",0,*,"","","","null {[]} {[]}
","Episode Event OMOP Table","The EPISODE_EVENT table connects qualifying clinical events (such as CONDITION_OCCURRENCE, DRUG_EXPOSURE, PROCEDURE_OCCURRENCE, MEASUREMENT) to the appropriate EPISODE entry. For example, linking the precise location of the metastasis (cancer modifier in MEASUREMENT) to the disease episode.","","","","","","","","","",,,,,"",,,,"Base",0,*,"",""
"EpisodeEvent.episode-id","EpisodeEvent.episode_id","","","",1,1,"","","","Reference {[]} {[CanonicalType[https://health-data-hub.fr/ig/fhir/eds/StructureDefinition/Episode]]}
","Episode","Use this field to link the EPISODE_EVENT record to its EPISODE.","","","","","","","","","",,,,,"",,,,"EpisodeEvent.episode_id",1,1,"",""
"EpisodeEvent.event-id","EpisodeEvent.event_id","","","",1,1,"","","","integer {[]} {[]}
","Event Identifier","Event Identifier","","","","","","","","","",,,,,"",,,,"EpisodeEvent.event_id",1,1,"",""
"EpisodeEvent.episode-event-field-concept-id","EpisodeEvent.episode_event_field_concept_id","","","",1,1,"","","","Reference {[]} {[CanonicalType[https://health-data-hub.fr/ig/fhir/eds/StructureDefinition/Concept]]}
","Episode Event Field","This field is the CONCEPT_ID that identifies which table the primary key of the linked record came from.","","","","","","","","","",,,,,"",,,,"EpisodeEvent.episode_event_field_concept_id",1,1,"",""
