"Id","Path","Slice Name","Alias(s)","Label","Min","Max","Must Support?","Is Modifier?","Is Summary?","Type(s)","Short","Definition","Comments","Requirements","Default Value","Meaning When Missing","Fixed Value","Pattern","Example","Minimum Value","Maximum Value","Maximum Length","Binding Strength","Binding Description","Binding Value Set","Code","Slicing Discriminator","Slicing Description","Slicing Ordered","Slicing Rules","Base Path","Base Min","Base Max","Condition(s)","Constraint(s)"
"ObservationPeriod","ObservationPeriod","","","",0,*,"","","","null {[]} {[]}
","Observation Period OMOP Table","This table contains records which define spans of time during which two conditions are expected to hold: (i) Clinical Events that happened to the Person are recorded in the Event tables, and (ii) absense of records indicate such Events did not occur during this span of time.","","","","","","","","","",,,,,"",,,,"Base",0,*,"",""
"ObservationPeriod.observation-period-id","ObservationPeriod.observation_period_id","","","",1,1,"","","","integer {[]} {[]}
","Observation Period Identifier","A Person can have multiple discrete Observation Periods which are identified by the Observation_Period_Id.","","","","","","","","","",,,,,"",,,,"ObservationPeriod.observation_period_id",1,1,"",""
"ObservationPeriod.person-id","ObservationPeriod.person_id","","","",1,1,"","","","Reference {[]} {[CanonicalType[https://health-data-hub.fr/ig/fhir/eds/StructureDefinition/Person]]}
","Person","The Person ID of the PERSON record for which the Observation Period is recorded.","","","","","","","","","",,,,,"",,,,"ObservationPeriod.person_id",1,1,"",""
"ObservationPeriod.observation-period-start-date","ObservationPeriod.observation_period_start_date","","","",1,1,"","","","date {[]} {[]}
","Start Date","Use this date to determine the start date of the Observation Period.","","","","","","","","","",,,,,"",,,,"ObservationPeriod.observation_period_start_date",1,1,"",""
"ObservationPeriod.observation-period-end-date","ObservationPeriod.observation_period_end_date","","","",1,1,"","","","date {[]} {[]}
","End Date","Use this date to determine the end date of the period for which we can assume that all events for a Person are recorded.","","","","","","","","","",,,,,"",,,,"ObservationPeriod.observation_period_end_date",1,1,"",""
"ObservationPeriod.period-type-concept-id","ObservationPeriod.period_type_concept_id","","","",1,1,"","","","Reference {[]} {[CanonicalType[https://health-data-hub.fr/ig/fhir/eds/StructureDefinition/Concept]]}
","Period Type","This field can be used to determine the provenance of the Observation Period as in whether the period was determined from an insurance enrollment file, EHR healthcare encounters, or other sources.","","","","","","","","","",,,,,"",,,,"ObservationPeriod.period_type_concept_id",1,1,"",""
