<?xml version="1.0" encoding="UTF-8"?>

<StructureMap xmlns="http://hl7.org/fhir">
  <id value="Person"/>
  <text>
    <status value="generated"/><div xmlns="http://www.w3.org/1999/xhtml"><pre class="fml">
<b>map</b><span style="color: navy"> &quot;</span>https://health-data-hub.fr/ig/fhir/eds/StructureMap/Person<span style="color: navy">&quot; = &quot;</span>Person<span style="color: navy">&quot;

</span><span style="color: navy">// </span><span style="color: green">Mapping Patient resource to Person OMOP Domain</span>

<b>uses</b><span style="color: navy"> &quot;</span><a href="StructureDefinition-Patient.html" title="HDH EDS Patient">https://health-data-hub.fr/ig/fhir/eds/StructureDefinition/Patient</a><span style="color: navy">&quot; </span><b>as </b><b>source</b>
<b>uses</b><span style="color: navy"> &quot;</span><a href="StructureDefinition-Concept.html" title="Concept OMOP Table">https://health-data-hub.fr/ig/fhir/eds/StructureDefinition/Concept</a><span style="color: navy">&quot; </span><b>alias </b>ConceptTable <b>as </b><b>source</b>
<b>uses</b><span style="color: navy"> &quot;</span><a href="StructureDefinition-Person.html" title="Person OMOP Table">https://health-data-hub.fr/ig/fhir/eds/StructureDefinition/Person</a><span style="color: navy">&quot; </span><b>alias </b>PersonTable <b>as </b><b>target</b>

<b>group </b>Person<span style="color: navy">(</span><b>source</b> <span style="color: maroon">src</span><span style="color: navy"> : </span>Patient, <b>source</b> <span style="color: maroon">srcConcept</span><span style="color: navy"> : </span>ConceptTable, <b>target</b> <span style="color: maroon">tgt</span><span style="color: navy"> : </span>PersonTable<span style="color: navy">)</span><span style="color: navy"> {
</span>  src.id<b> as </b><span style="color: maroon">id</span><span style="color: navy"><b> -&gt; </b></span>tgt.person_source_value = <b>cast</b><span style="color: navy">(</span><span style="color: maroon">id</span><span style="color: navy">, </span><span style="color: maroon">String</span><span style="color: navy">)</span><span style="color: navy">;</span>
  src.gender<b> as </b><span style="color: maroon">gender</span><span style="color: navy"><b> -&gt; </b></span> <b>translate</b><span style="color: navy">(</span><span style="color: maroon">gender</span><span style="color: navy">, </span><span style="color: blue">'https://health-data-hub.fr/ig/fhir/eds/ConceptMap/Gender'</span><span style="color: navy">, </span><span style="color: blue">'code'</span><span style="color: navy">)</span><b> as </b><span style="color: maroon">tgtGender</span><span style="color: navy">, </span> tgt.gender_source_value = <b>cast</b><span style="color: navy">(</span><span style="color: maroon">gender</span><span style="color: navy">, </span><span style="color: maroon">String</span><span style="color: navy">)</span><b> then</b><span style="color: navy"> {
</span>    srcConcept<b> where </b>srcConcept.concept_code = tgtGender.code<span style="color: navy"><b> -&gt; </b></span>tgt.gender_concept_id = <span style="color: maroon">srcConcept</span> <i>&quot;setConcept&quot;</i><span style="color: navy">;</span>
  <span style="color: navy">}</span> <i>&quot;transformGender&quot;</i><span style="color: navy">;</span>
  src.birthDate<b> as </b><span style="color: maroon">srcBirthDate</span><span style="color: navy"><b> -&gt; </b></span> tgt.birth_datetime = <span style="color: maroon">srcBirthDate</span><span style="color: navy">, </span> tgt.year_of_birth = evaluate<span style="color: navy">(</span>srcBirthDate<span style="color: navy">, </span>substring(0, 4)<span style="color: navy">)</span><span style="color: navy">, </span> tgt.month_of_birth = evaluate<span style="color: navy">(</span>srcBirthDate<span style="color: navy">, </span>substring(5, 2)<span style="color: navy">)</span><span style="color: navy">, </span> tgt.day_of_birth = evaluate<span style="color: navy">(</span>srcBirthDate<span style="color: navy">, </span>substring(8, 2)<span style="color: navy">)</span><span style="color: navy">;</span>
<span style="color: navy">}

</span></pre></div>
  </text>
  <url value="https://health-data-hub.fr/ig/fhir/eds/StructureMap/Person"/>
  <version value="0.1.0"/>
  <name value="Person"/>
  <title value="Mapping Patient resource to Person OMOP Domain"/>
  <status value="draft"/>
  <date value="2024-04-12T15:58:12+00:00"/>
  <publisher value="HDH"/>
  <contact>
    <name value="HDH"/>
    <telecom>
      <system value="url"/>
      <value value="https://health-data-hub.fr"/>
    </telecom>
  </contact>
  <description value="Mapping Patient resource to Person OMOP Domain"/>
  <jurisdiction>
    <coding>
      <system value="urn:iso:std:iso:3166"/>
      <code value="FRA"/>
      <display value="France"/>
    </coding>
  </jurisdiction>
  <structure>
    <url value="https://health-data-hub.fr/ig/fhir/eds/StructureDefinition/Patient"/>
    <mode value="source"/>
  </structure>
  <structure>
    <url value="https://health-data-hub.fr/ig/fhir/eds/StructureDefinition/Concept"/>
    <mode value="source"/>
    <alias value="ConceptTable"/>
  </structure>
  <structure>
    <url value="https://health-data-hub.fr/ig/fhir/eds/StructureDefinition/Person"/>
    <mode value="target"/>
    <alias value="PersonTable"/>
  </structure>
  <group>
    <name value="Person"/>
    <typeMode value="none"/>
    <input>
      <name value="src"/>
      <type value="Patient"/>
      <mode value="source"/>
    </input>
    <input>
      <name value="srcConcept"/>
      <type value="ConceptTable"/>
      <mode value="source"/>
    </input>
    <input>
      <name value="tgt"/>
      <type value="PersonTable"/>
      <mode value="target"/>
    </input>
    <rule>
      <name value="id"/>
      <source>
        <context value="src"/>
        <element value="id"/>
        <variable value="id"/>
      </source>
      <target>
        <context value="tgt"/>
        <contextType value="variable"/>
        <element value="person_source_value"/>
        <transform value="cast"/>
        <parameter>
          <valueId value="id"/>
        </parameter>
        <parameter>
          <valueId value="String"/>
        </parameter>
      </target>
    </rule>
    <rule>
      <name value="transformGender"/>
      <source>
        <context value="src"/>
        <element value="gender"/>
        <variable value="gender"/>
      </source>
      <target>
        <contextType value="variable"/>
        <variable value="tgtGender"/>
        <transform value="translate"/>
        <parameter>
          <valueId value="gender"/>
        </parameter>
        <parameter>
          <valueString value="https://health-data-hub.fr/ig/fhir/eds/ConceptMap/Gender"/>
        </parameter>
        <parameter>
          <valueString value="code"/>
        </parameter>
      </target>
      <target>
        <context value="tgt"/>
        <contextType value="variable"/>
        <element value="gender_source_value"/>
        <transform value="cast"/>
        <parameter>
          <valueId value="gender"/>
        </parameter>
        <parameter>
          <valueId value="String"/>
        </parameter>
      </target>
      <rule>
        <name value="setConcept"/>
        <source>
          <context value="srcConcept"/>
          <condition value="srcConcept.concept_code = tgtGender.code"/>
        </source>
        <target>
          <context value="tgt"/>
          <contextType value="variable"/>
          <element value="gender_concept_id"/>
          <transform value="copy"/>
          <parameter>
            <valueId value="srcConcept"/>
          </parameter>
        </target>
      </rule>
    </rule>
    <rule>
      <name value="birthDate"/>
      <source>
        <context value="src"/>
        <element value="birthDate"/>
        <variable value="srcBirthDate"/>
      </source>
      <target>
        <context value="tgt"/>
        <contextType value="variable"/>
        <element value="birth_datetime"/>
        <transform value="copy"/>
        <parameter>
          <valueId value="srcBirthDate"/>
        </parameter>
      </target>
      <target>
        <context value="tgt"/>
        <contextType value="variable"/>
        <element value="year_of_birth"/>
        <transform value="evaluate"/>
        <parameter>
          <valueId value="srcBirthDate"/>
        </parameter>
        <parameter>
          <valueString value="substring(0, 4)"/>
        </parameter>
      </target>
      <target>
        <context value="tgt"/>
        <contextType value="variable"/>
        <element value="month_of_birth"/>
        <transform value="evaluate"/>
        <parameter>
          <valueId value="srcBirthDate"/>
        </parameter>
        <parameter>
          <valueString value="substring(5, 2)"/>
        </parameter>
      </target>
      <target>
        <context value="tgt"/>
        <contextType value="variable"/>
        <element value="day_of_birth"/>
        <transform value="evaluate"/>
        <parameter>
          <valueId value="srcBirthDate"/>
        </parameter>
        <parameter>
          <valueString value="substring(8, 2)"/>
        </parameter>
      </target>
    </rule>
  </group>
</StructureMap>