<?xml version="1.0" encoding="UTF-8"?>

<StructureMap xmlns="http://hl7.org/fhir">
  <id value="Death"/>
  <text>
    <status value="generated"/><div xmlns="http://www.w3.org/1999/xhtml"><pre class="fml">
<b>map</b><span style="color: navy"> &quot;</span>https://health-data-hub.fr/ig/fhir/eds/StructureMap/Death<span style="color: navy">&quot; = &quot;</span>Death<span style="color: navy">&quot;

</span><span style="color: navy">// </span><span style="color: green">Mapping Patient resource to Death OMOP Domain</span>

<b>uses</b><span style="color: navy"> &quot;</span><a href="StructureDefinition-Patient.html" title="HDH EDS Patient">https://health-data-hub.fr/ig/fhir/eds/StructureDefinition/Patient</a><span style="color: navy">&quot; </span><b>alias </b>Patient <b>as </b><b>source</b>
<b>uses</b><span style="color: navy"> &quot;</span><a href="StructureDefinition-Death.html" title="Death OMOP Table">https://health-data-hub.fr/ig/fhir/eds/StructureDefinition/Death</a><span style="color: navy">&quot; </span><b>alias </b>DeathTable <b>as </b><b>target</b>

<b>group </b>Death<span style="color: navy">(</span><b>source</b> <span style="color: maroon">src</span><span style="color: navy"> : </span>Patient, <b>target</b> <span style="color: maroon">tgt</span><span style="color: navy"> : </span>DeathTable<span style="color: navy">)</span><span style="color: navy"> {
</span>  src.deceased<b> as </b><span style="color: maroon">srcDeceased</span><b> where </b>deceased.ofType(Datetime)<span style="color: navy"><b> -&gt; </b></span>tgt.death_datetime = <span style="color: maroon">srcDeceased</span><span style="color: navy">;</span>
<span style="color: navy">}

</span></pre></div>
  </text>
  <url value="https://health-data-hub.fr/ig/fhir/eds/StructureMap/Death"/>
  <version value="0.1.0"/>
  <name value="Death"/>
  <title value="Mapping Patient resource to Death OMOP Domain"/>
  <status value="draft"/>
  <date value="2024-04-12T15:16:50+00:00"/>
  <publisher value="HDH"/>
  <contact>
    <name value="HDH"/>
    <telecom>
      <system value="url"/>
      <value value="https://health-data-hub.fr"/>
    </telecom>
  </contact>
  <description value="Mapping Patient resource to Death OMOP Domain"/>
  <jurisdiction>
    <coding>
      <system value="urn:iso:std:iso:3166"/>
      <code value="FRA"/>
      <display value="France"/>
    </coding>
  </jurisdiction>
  <structure>
    <url value="https://health-data-hub.fr/ig/fhir/eds/StructureDefinition/Patient"/>
    <mode value="source"/>
    <alias value="Patient"/>
  </structure>
  <structure>
    <url value="https://health-data-hub.fr/ig/fhir/eds/StructureDefinition/Death"/>
    <mode value="target"/>
    <alias value="DeathTable"/>
  </structure>
  <group>
    <name value="Death"/>
    <typeMode value="none"/>
    <input>
      <name value="src"/>
      <type value="Patient"/>
      <mode value="source"/>
    </input>
    <input>
      <name value="tgt"/>
      <type value="DeathTable"/>
      <mode value="target"/>
    </input>
    <rule>
      <name value="deceased"/>
      <source>
        <context value="src"/>
        <element value="deceased"/>
        <variable value="srcDeceased"/>
        <condition value="deceased.ofType(Datetime)"/>
      </source>
      <target>
        <context value="tgt"/>
        <contextType value="variable"/>
        <element value="death_datetime"/>
        <transform value="copy"/>
        <parameter>
          <valueId value="srcDeceased"/>
        </parameter>
      </target>
    </rule>
  </group>
</StructureMap>