{
  "package": "hdh.fhir.fr.eds",
  "version": "0.1.0",
  "fhirVersion": "4.0.1",
  "jurisdiction": "FRA",
  "extensions": [],
  "profiles": {
    "Observation": [
      {
        "url": "https://health-data-hub.fr/ig/fhir/eds/StructureDefinition/ObservationBodyHeight",
        "title": "HDH EDS Observation Body Height"
      }
    ],
    "Patient": [
      {
        "url": "https://health-data-hub.fr/ig/fhir/eds/StructureDefinition/Patient",
        "title": "HDH EDS Patient"
      }
    ]
  },
  "usage": {
    "http://hl7.org/fhir/1.0/StructureDefinition/extension-ConceptMap.element.target.equivalence": [
      "ConceptMap.group.element.target"
    ],
    "http://hl7.org/fhir/StructureDefinition/elementdefinition-bestpractice": [
      "StructureDefinition.snapshot.element.constraint"
    ],
    "http://hl7.org/fhir/StructureDefinition/elementdefinition-bestpractice-explanation": [
      "StructureDefinition.snapshot.element.constraint"
    ],
    "http://hl7.org/fhir/StructureDefinition/elementdefinition-bindingName": [
      "StructureDefinition.snapshot.element.binding"
    ],
    "http://hl7.org/fhir/StructureDefinition/elementdefinition-maxValueSet": [
      "StructureDefinition.snapshot.element.binding"
    ],
    "http://hl7.org/fhir/StructureDefinition/elementdefinition-translatable": [
      "StructureDefinition.snapshot.element"
    ],
    "http://hl7.org/fhir/StructureDefinition/patient-birthPlace": [
      "Patient"
    ],
    "http://hl7.org/fhir/StructureDefinition/structuredefinition-display-hint": [
      "StructureDefinition.snapshot.element"
    ],
    "http://hl7.org/fhir/StructureDefinition/structuredefinition-fhir-type": [
      "StructureDefinition.snapshot.element.type"
    ],
    "http://hl7.org/fhir/StructureDefinition/structuredefinition-hierarchy": [
      "StructureDefinition.snapshot.element.type"
    ],
    "http://hl7.org/fhir/StructureDefinition/workflow-supportingInfo": [
      "Observation"
    ],
    "http://hl7.org/fhir/tools/StructureDefinition/ig-internal-dependency": [
      "ImplementationGuide.definition"
    ],
    "http://hl7.org/fhir/tools/StructureDefinition/ig-page-name": [
      "ImplementationGuide.definition.page",
      "ImplementationGuide.definition.page.page"
    ],
    "http://hl7.org/fhir/tools/StructureDefinition/ig-parameter": [
      "ImplementationGuide.definition"
    ],
    "http://hl7.org/fhir/tools/StructureDefinition/implementationguide-dependency-comment": [
      "ImplementationGuide.dependsOn"
    ],
    "http://hl7.org/fhir/tools/StructureDefinition/logical-target": [
      "StructureDefinition"
    ],
    "http://hl7.org/fhir/tools/StructureDefinition/resource-information": [
      "ImplementationGuide.definition.resource"
    ],
    "https://hl7.fr/ig/fhir/core/StructureDefinition/fr-core-address-insee-code": [
      "Address"
    ],
    "https://hl7.fr/ig/fhir/core/StructureDefinition/fr-core-comment": [
      "Patient.contact"
    ],
    "https://hl7.fr/ig/fhir/core/StructureDefinition/fr-core-identity-reliability": [
      "Patient"
    ],
    "https://hl7.fr/ig/fhir/core/StructureDefinition/fr-core-observation-height-body-position": [
      "Observation"
    ],
    "https://hl7.fr/ig/fhir/core/StructureDefinition/fr-core-patient-birth-list-given-name": [
      "Patient.name"
    ],
    "https://hl7.fr/ig/fhir/core/StructureDefinition/fr-core-patient-birthdate-update-indicator": [
      "Patient"
    ],
    "https://hl7.fr/ig/fhir/core/StructureDefinition/fr-core-patient-contact-identifier": [
      "Patient.contact"
    ],
    "https://hl7.fr/ig/fhir/core/StructureDefinition/fr-core-patient-death-place": [
      "Patient"
    ],
    "https://hl7.fr/ig/fhir/core/StructureDefinition/fr-core-patient-nationality": [
      "Patient"
    ]
  }
}